{
  "timestamp": "2026-01-09T03:31:20.754083",
  "scenario": "qwen3-8b-gpu",
  "config": {
    "warmup_runs": 5,
    "measurement_runs": 20
  },
  "results": {
    "vllm": {
      "model": "models/hf/Qwen3-8B-AWQ",
      "prompts": {
        "short": {
          "ttft_ms": {
            "mean": 15.660740800103667,
            "std": 1.4627506626457194,
            "min": 14.096347999839054,
            "max": 19.656235999718774,
            "p50": 15.532280000115861,
            "p95": 19.656235999718774,
            "p99": 19.656235999718774
          },
          "tps": {
            "mean": 104.61130385560753,
            "std": 3.57923132762602,
            "min": 96.68875736627102,
            "max": 108.23548325211225,
            "p50": 105.64799059810983,
            "p95": 108.23548325211225,
            "p99": 108.23548325211225
          },
          "itl_mean_ms": {
            "mean": 9.66602736767628,
            "std": 0.34141350304165574,
            "min": 9.331619686869972,
            "max": 10.446057272727357,
            "p50": 9.562486868686172,
            "p95": 10.446057272727357,
            "p99": 10.446057272727357
          },
          "e2e_latency_ms": {
            "mean": 972.6786471500418,
            "std": 33.96037288844807,
            "min": 938.0797789999633,
            "max": 1049.1424369993183,
            "p50": 962.2439229997326,
            "p95": 1049.1424369993183,
            "p99": 1049.1424369993183
          },
          "tokens_generated": {
            "mean": 100,
            "std": 0.0,
            "min": 100,
            "max": 100,
            "p50": 100,
            "p95": 100,
            "p99": 100
          },
          "successful_runs": 20,
          "total_runs": 20
        },
        "medium": {
          "ttft_ms": {
            "mean": 16.10735985013889,
            "std": 1.790566561435804,
            "min": 14.430352000090352,
            "max": 20.385034000355517,
            "p50": 15.7390510003097,
            "p95": 20.385034000355517,
            "p99": 20.385034000355517
          },
          "tps": {
            "mean": 105.81536857525231,
            "std": 1.3891187347858374,
            "min": 102.87491158821084,
            "max": 108.5437873418726,
            "p50": 106.0912789836635,
            "p95": 108.5437873418726,
            "p99": 108.5437873418726
          },
          "itl_mean_ms": {
            "mean": 9.483277186789103,
            "std": 0.12511328174755615,
            "min": 9.243341528429827,
            "max": 9.752765177258468,
            "p50": 9.477347043478018,
            "p95": 9.752765177258468,
            "p99": 9.752765177258468
          },
          "e2e_latency_ms": {
            "mean": 2851.7006538501846,
            "std": 37.07793012863137,
            "min": 2779.7736950005856,
            "max": 2932.2667890000957,
            "p50": 2848.3474009999554,
            "p95": 2932.2667890000957,
            "p99": 2932.2667890000957
          },
          "tokens_generated": {
            "mean": 300,
            "std": 0.0,
            "min": 300,
            "max": 300,
            "p50": 300,
            "p95": 300,
            "p99": 300
          },
          "successful_runs": 20,
          "total_runs": 20
        },
        "long": {
          "ttft_ms": {
            "mean": 16.239900250002393,
            "std": 1.097587508944404,
            "min": 14.734413000041968,
            "max": 18.830730000445328,
            "p50": 16.30920800016611,
            "p95": 18.830730000445328,
            "p99": 18.830730000445328
          },
          "tps": {
            "mean": 104.04594038946885,
            "std": 2.4864100796550264,
            "min": 99.78304758687412,
            "max": 108.75818910201652,
            "p50": 104.66188444664587,
            "p95": 108.75818910201652,
            "p99": 108.75818910201652
          },
          "itl_mean_ms": {
            "mean": 9.63547615811632,
            "std": 0.23130266178769723,
            "min": 9.212964989981224,
            "max": 10.041670332664687,
            "p50": 9.581842641281781,
            "p95": 10.041670332664687,
            "p99": 10.041670332664687
          },
          "e2e_latency_ms": {
            "mean": 4824.428892800006,
            "std": 115.23670516667134,
            "min": 4613.861617999646,
            "max": 5026.5065530002175,
            "p50": 4798.103815000104,
            "p95": 5026.5065530002175,
            "p99": 5026.5065530002175
          },
          "tokens_generated": {
            "mean": 500,
            "std": 0.0,
            "min": 500,
            "max": 500,
            "p50": 500,
            "p95": 500,
            "p99": 500
          },
          "successful_runs": 20,
          "total_runs": 20
        }
      }
    }
  }
}