{
  "timestamp": "2026-01-09T03:54:30.412339",
  "scenario": "qwen3-8b-gpu",
  "config": {
    "warmup_runs": 5,
    "measurement_runs": 20
  },
  "results": {
    "llamacpp": {
      "model": "Qwen3-8B-Q4_K_M.gguf",
      "prompts": {
        "short": {
          "ttft_ms": {
            "mean": 39.08018789989001,
            "std": 1.4945984972026096,
            "min": 37.57934399982332,
            "max": 42.28945500017289,
            "p50": 38.399628999286506,
            "p95": 42.28945500017289,
            "p99": 42.28945500017289
          },
          "tps": {
            "mean": 117.40923672861203,
            "std": 2.069687840941172,
            "min": 113.71355234617974,
            "max": 120.23965957918094,
            "p50": 117.05332363911242,
            "p95": 120.23965957918094,
            "p99": 120.23965957918094
          },
          "itl_mean_ms": {
            "mean": 8.604051135204928,
            "std": 0.1495973209490117,
            "min": 8.401001567005185,
            "max": 8.88703618279725,
            "p50": 8.634687210532752,
            "p95": 8.88703618279725,
            "p99": 8.88703618279725
          },
          "e2e_latency_ms": {
            "mean": 852.9816543499237,
            "std": 10.030075303807589,
            "min": 837.3591499994291,
            "max": 871.0514829999738,
            "p50": 853.3373499994923,
            "p95": 871.0514829999738,
            "p99": 871.0514829999738
          },
          "tokens_generated": {
            "mean": 95.55,
            "std": 1.5035046776746235,
            "min": 93,
            "max": 98,
            "p50": 96,
            "p95": 98,
            "p99": 98
          },
          "successful_runs": 20,
          "total_runs": 20
        },
        "medium": {
          "ttft_ms": {
            "mean": 62.05707794997579,
            "std": 3.704901542849465,
            "min": 55.206662000273354,
            "max": 68.43661699986114,
            "p50": 62.961120000181836,
            "p95": 68.43661699986114,
            "p99": 68.43661699986114
          },
          "tps": {
            "mean": 113.40818921084806,
            "std": 5.673404445557032,
            "min": 101.11937644854325,
            "max": 123.30898327532579,
            "p50": 115.47642726445044,
            "p95": 123.30898327532579,
            "p99": 123.30898327532579
          },
          "itl_mean_ms": {
            "mean": 8.868321821898892,
            "std": 0.45048538967175294,
            "min": 8.136166306398119,
            "max": 9.922244243241678,
            "p50": 8.812224385134893,
            "p95": 9.922244243241678,
            "p99": 9.922244243241678
          },
          "e2e_latency_ms": {
            "mean": 2687.996762899911,
            "std": 134.1418709542697,
            "min": 2471.9000129998676,
            "max": 3004.650803000004,
            "p50": 2670.0156439992497,
            "p95": 3004.650803000004,
            "p99": 3004.650803000004
          },
          "tokens_generated": {
            "mean": 297.1,
            "std": 0.9119095061289915,
            "min": 295,
            "max": 298,
            "p50": 297,
            "p95": 298,
            "p99": 298
          },
          "successful_runs": 20,
          "total_runs": 20
        },
        "long": {
          "ttft_ms": {
            "mean": 78.52128369981983,
            "std": 4.196292293639838,
            "min": 73.33599599951413,
            "max": 89.14085700052965,
            "p50": 78.58847300030902,
            "p95": 89.14085700052965,
            "p99": 89.14085700052965
          },
          "tps": {
            "mean": 114.39785900457434,
            "std": 4.773337076937417,
            "min": 105.71178283985753,
            "max": 121.09367047314493,
            "p50": 115.26795695430036,
            "p95": 121.09367047314493,
            "p99": 121.09367047314493
          },
          "itl_mean_ms": {
            "mean": 8.772428502707173,
            "std": 0.36667046088826033,
            "min": 8.274429963636399,
            "max": 9.478426210102263,
            "p50": 8.870294709938463,
            "p95": 9.478426210102263,
            "p99": 9.478426210102263
          },
          "e2e_latency_ms": {
            "mean": 4406.2050942497535,
            "std": 186.79048395154044,
            "min": 4169.646903999819,
            "max": 4772.134295999422,
            "p50": 4450.427171999763,
            "p95": 4772.134295999422,
            "p99": 4772.134295999422
          },
          "tokens_generated": {
            "mean": 494.25,
            "std": 2.5313819816144116,
            "min": 488,
            "max": 496,
            "p50": 496,
            "p95": 496,
            "p99": 496
          },
          "successful_runs": 20,
          "total_runs": 20
        }
      }
    }
  }
}